,STATEFP,CD115FP,PPopper,CHull,LongVar,LatVar,BClark,XSym,YSym
0,02,00,-1.539332734647014,21.040087871654457,21.047352978406103,19.82808314916017,6.750436417306198,-0.9425572470423941,-3.028227747625717
1,10,00,1.972069475774419,-0.05729025697296112,-0.04886549105658073,-0.11227082556527003,-1.1518127913409881,-0.24993338756107508,0.24940292839764663
2,30,00,1.3854777281021167,0.1968337738006021,-0.015619368424915677,1.3083398229085452,-0.8013086997094961,1.093344059449868,1.5529388151097792
3,38,00,1.4895078545677771,0.05616422045498662,-0.03740994621373452,0.4136034196744453,-1.9746871115931033,2.013227711783597,1.8657491134288855
4,46,00,2.0167134957145807,0.068255247730676,-0.03091651098370268,0.8206001121592544,-1.1394304637839974,1.3064773180764269,1.9795686037478561
5,50,00,0.9227406896856559,-0.043443383353245026,-0.047811412144966856,0.08991386104957827,-0.05257503569446883,0.6765956906888166,-0.027934208951201727
6,56,00,3.882556700369204,0.08796004991890831,-0.02822061683285792,1.6631950040125778,-0.9120505073827757,2.1427864198828397,2.113768850619888
7,01,01,-0.7427017657108423,-0.04882095704859206,-0.048473225646113755,-0.07951201081042003,0.2760372375192718,0.2657153721049882,-0.8547867013943719
8,04,01,-0.3903022709868473,0.0398819419621107,-0.045705328558220897,0.8614606765073366,1.1483766348061246,0.741714869689132,-0.49595944538577275
9,05,01,-1.0209293910566881,-0.023058267680207026,-0.04708641975209235,0.30020538043883727,0.8834345850823239,-0.6719918479358764,1.2587969215014099
10,06,01,0.27625115886482643,-0.012530066070763608,-0.04533206580905598,0.5494363218409183,-1.112782307323666,0.6741048575557892,0.6639059150827076
11,08,01,-1.2736517718415683,-0.06101968915612321,-0.048891046759033795,-0.21632694174056882,1.0928392007548098,-0.8222218815923669,-2.315856152641177
12,09,01,-0.6434151112960875,-0.05999979302571921,-0.04879981734231919,-0.20988919188892774,0.05628301548189121,0.1529400126208399,-0.23540817773740827
13,12,01,0.8313160282503671,-0.05403975389446163,-0.047233047205296835,-0.18969233209349864,-1.2989209893511342,1.0808147977881333,1.6308417843889038
14,13,01,-0.25598572456082225,-0.04582290563595233,-0.04819440765486673,0.13937710252242397,-0.19541414586938466,-0.22854425220107935,-0.2756604664631687
15,15,01,1.1161379738281183,-0.06090317205800775,-0.0488834162986656,-0.21701021385034924,-0.9087260328099317,-0.6390256528889369,0.46983374914534487
16,16,01,-0.4478925042364276,0.024531033344062984,-0.04669700945614404,1.4295924649025298,0.32431608465063777,1.2683141270458875,0.13157252411285583
17,17,01,-1.0713880073917705,-0.06093138974503526,-0.048889332867091774,-0.21258605269955347,1.225547521029163,-2.2836679137202736,-1.306805370734581
18,18,01,2.5332460347478447,-0.0591697619564563,-0.04871288712044522,-0.19525960011891363,-0.8433763592555267,1.3493804236338403,0.794392412482151
19,19,01,0.09429499463630449,-0.034283535752176186,-0.04659281783499804,0.12895409991313922,-0.49215853856012515,0.3825109485400498,0.43980361380561067
20,20,01,1.2293637653271177,0.02437626888524998,-0.03773605376230375,0.5758308207494378,0.4515843794724581,0.833542784396974,1.0466612077226434
21,21,01,-1.0658429710999682,-0.033095263626232836,-0.04397512883919144,-0.09812712839471299,1.701007127535209,0.008185103700100421,-0.1629925569592647
22,22,01,-0.7963303420430625,-0.04316204001670884,-0.04852115967983073,-0.12653298869696464,0.868479384288387,-0.12171434699026949,0.1658178072432668
23,23,01,-0.6896277741045242,-0.04863894819074485,-0.04801861591450477,-0.11630110926043272,0.2859471559026255,-1.2407133364012537,-0.6353205341830315
24,24,01,-0.7438643271027046,-0.047128032367227686,-0.048237492353577736,-0.11272628941328507,-0.35834729275658145,0.061572860296384715,-0.4959377725508126
25,25,01,0.28937967453903496,-0.05670925462588536,-0.04848315402153592,-0.18916434555245712,1.0591232166722053,0.4947516790480151,-0.2691365352963755
26,26,01,0.6665764472522162,0.04527984422654738,-0.03898453761255213,0.3102785017228932,0.3101724366312686,-0.9121323483947019,-0.6961215863909422
27,27,01,0.1262341675475666,-0.038835372306262876,-0.04204397117863197,-0.11823042039877837,1.2410342966354528,0.07218092138819629,1.3815522698955158
28,28,01,0.7304268866478736,-0.04369349046452692,-0.047756572076481554,0.10414513772086695,-0.5544477670579899,0.45011924875959197,0.48448647657090604
29,29,01,0.1315162790146592,-0.06108293606112408,-0.048916594412840776,-0.2163145005285027,-1.0193602057662767,0.7649816977101604,0.9712796029021646
30,31,01,0.4556132080399053,-0.04548541394963761,-0.04780972630869903,-0.013966893953272906,-1.1807617170879323,1.0175385933148728,0.5368363006723033
31,32,01,2.5021519172875837,-0.06138515551759122,-0.04890946928960078,-0.21991530854973387,0.05040173889074932,1.6311947432670038,1.8452160192833282
32,33,01,-0.6260713237428345,-0.05486656589726877,-0.04867790233914797,-0.10207600479049087,0.38139426918506764,0.2060806041189178,0.44830912599239364
33,34,01,0.10440105236667542,-0.0607862401577388,-0.048863307221936485,-0.21512214205623845,1.0474301462914741,0.10632297289430534,-1.0102422903896005
34,35,01,0.04030025591846541,-0.05274484414791761,-0.04850523388870453,-0.16828807608695853,-0.04297030409444877,-0.5470700829911892,-1.0697926953282058
35,36,01,1.2075197536895839,-0.058469493531350517,-0.04851579436648379,-0.2040868541486598,-1.2802516808305358,-0.04698040682015564,-0.11912236821236741
36,37,01,-0.5100200768521468,-0.049444502942309544,-0.0475095140519459,-0.14958324381997462,0.5474368113925784,0.14354637892031352,0.03866309556529471
37,39,01,-0.787002306607988,-0.05992493897164005,-0.04883810574027311,-0.21125919051544995,2.3050911989321543,-1.6213679270640216,-2.0753687135404615
38,40,01,-0.3575204266148383,-0.056840748255449276,-0.04874879656889062,-0.15129833861856384,1.2253679952877417,-0.7245462899644883,-0.9405991800682934
39,41,01,0.0826601411421898,-0.05412221940422159,-0.04853349689142246,-0.11092658840081691,-0.7289680278722599,0.23632326267324583,-0.08584623676403846
40,42,01,-1.4243217634187773,-0.06129907408135342,-0.04889486116682405,-0.21887535885752019,0.7793319261185958,-1.681033925415965,-1.2068658049488374
41,44,01,0.14628611796937727,-0.06023785124442354,-0.04889775350883882,-0.21031093528983139,0.29304836596217454,-0.8510920164856917,-1.4940985945680891
42,45,01,-1.2341737398954071,-0.05612788075328165,-0.04847822805675573,-0.1506633078838482,1.958499374781154,-2.137985116350845,-1.9736075564612587
43,47,01,-0.2930684779777976,-0.053949688874422114,-0.047754322924513905,-0.16263776039757438,0.7372679899692989,-1.3731068741346284,0.1607996541395273
44,48,01,-0.38842922407667857,-0.047414104109798336,-0.04810595888041729,0.0533069650003139,-0.4153082990979238,0.022451364214548273,0.20822643765222967
45,49,01,0.18572123353485537,-0.015852252572967983,-0.045885709856541786,0.040300719880487425,4.208798662815942,-2.086261091759576,-2.0497632760735347
46,51,01,-0.1786717217568335,-0.05236363124718597,-0.04859598299770539,-0.05331850132801632,-0.06998412776946983,-1.005457876333696,-0.06538360171319578
47,53,01,-0.4316004080639123,-0.04630710710876251,-0.0480558712169046,-0.0599095616603718,-0.7027573103129974,0.5963318523047448,-0.40877559245625833
48,54,01,-0.9117179726556537,-0.04182323773711586,-0.046813626618493344,-0.08080669153394195,0.11716287151793343,-2.0463899921683324,0.5153304083023867
49,55,01,0.05180286071479405,-0.0568414706497769,-0.04847690885706161,-0.19971122025313867,2.1858341388579103,0.15131278915597154,1.5804438181130962
50,01,02,-0.2927718483381355,-0.04338146688398782,-0.047829668212613634,-0.052051540798392276,-0.29320039009801635,0.12089566768178654,0.6865210663626797
51,04,02,1.7782027059411643,-0.049798670062040876,-0.04781913701447952,-0.154770137440992,-1.348044394195332,1.224297481231552,1.1740775023845536
52,05,02,-0.0817354122519481,-0.05176002355269042,-0.048264011173818365,-0.16104148842510946,-0.16631770077978825,0.5010791312137448,-0.21006203874399015
53,06,02,-0.5634833402681813,-0.02670792414569942,-0.04835704345148767,0.8952103393802164,0.47389276890958093,-0.3180088680756136,0.08752628416853693
54,08,02,-0.20509144598860782,-0.04697974777963205,-0.04811479442549149,-0.04434605543191434,-0.8252231614844016,0.4420659287487526,0.6443094040275495
55,09,02,1.3261733525731203,-0.057791433909474124,-0.04860208860198454,-0.16302199066503842,-0.8739048614066052,1.551011282818154,0.858633149425695
56,12,02,-0.6483399235983377,-0.034758940773539526,-0.0453500626854274,-0.030594769626368142,1.2228906496187217,-0.6722672188438406,-0.08470053748626254
57,13,02,0.4825644342388853,-0.045999739193599364,-0.04808911416218187,0.1558089744928349,-0.7754366174496274,0.9559156519703687,0.685224274962095
58,15,02,-1.5186331051256419,0.1350017260137446,0.023655318437034417,2.2633236520389386,3.266842829108998,-3.101398533544887,-3.036077865667349
59,16,02,0.48209141625281415,0.021087778397344242,-0.042698890707463584,0.3478009694699117,-1.1784759203476654,0.4417406543685944,0.7907665217725791
60,17,02,0.9038603262033398,-0.05953887636964954,-0.04880483585069744,-0.17086269007626276,-0.2646110920576183,-0.799114616722763,0.12749055061814318
61,18,02,1.7135358346735015,-0.05434466213913946,-0.04829419283234321,-0.11254358895620316,-1.2998179559955656,0.8211548606236374,0.8636865823865488
62,19,02,0.5393709947478975,-0.036428808435212325,-0.04521784060325324,-0.016413593462150464,0.5790619100706725,0.24025341341809772,0.4044999085510186
63,20,02,0.8673450614078069,-0.033750575958483464,-0.047736629152326814,0.5160479188914184,0.18014552652730476,0.9916608424164411,-0.4573789233342015
64,21,02,-1.1293218914672003,-0.0453264131293119,-0.046851233783008664,-0.1280237930247223,0.010718374706279206,0.3096103032719305,0.44819004698903475
65,22,02,-1.589724510444047,-0.05658775984570288,-0.04809237025684752,-0.1988342387631908,1.0818685218908937,-2.357590014858163,-1.341506474942899
66,23,02,0.3753389219130899,-0.00431183969465935,-0.04498842983376822,0.5934205049152601,-0.9572031581313928,0.650663239215221,1.2985017591022479
67,24,02,-1.5400905687900444,-0.059990959288320905,-0.04884000373592002,-0.21194259425353051,0.984790780670084,-0.8771889886388796,-0.451895457695627
68,25,02,0.07948251508934087,-0.058183989045113,-0.04850314149821449,-0.18655376529824585,0.6456587940495792,-0.3287358481835944,-0.2633160202882192
69,26,02,1.4475729158027155,-0.05083934847232626,-0.04853114597525753,-0.030265140737545597,-1.0995391567997603,1.047935119351697,1.2655528995303784
70,27,02,0.277335987493394,-0.05622455623475257,-0.04807154124051677,-0.17704310327886363,0.8266658836795786,-0.4896080592054903,-0.4468840302955016
71,28,02,-0.836975372442644,-0.03442551370014959,-0.04794447066714954,0.5202954303254725,-0.3124649813104127,0.8663781753488179,0.8150535829577565
72,29,02,-0.42562364033219546,-0.06064588297429291,-0.04886839821170658,-0.21070724153456677,-0.8712505561824792,0.36142975887616025,0.7600935004625775
73,31,02,1.326194061840591,-0.06063794483103002,-0.04883315516716678,-0.21185910441063385,-1.191894386130918,0.7052726195984041,1.4673326297572802
74,32,02,2.414170704511503,0.031049017484337103,-0.03710728542710213,0.9048054264557273,-0.604410280621971,0.4244151045227982,1.413000715911818
75,33,02,-0.814254404102074,-0.04696046128950587,-0.04845439414432358,0.2834339584594405,1.2142580408237278,-1.4128235202382662,-0.38218706078141673
76,34,02,0.710823495843282,-0.05659012783479612,-0.048427458320896864,-0.21077916035377414,-0.28541808102958055,-0.3352021564683116,0.901944213659035
77,35,02,1.2133186374349192,0.052112189454640134,-0.040076600506718615,0.9463700524909432,0.34749678736776735,1.5336643633883755,1.4709351744914612
78,36,02,1.408773036621158,-0.060961846501463926,-0.048850556803207414,-0.21915110845261182,-0.5736469438687436,0.6773590030327528,0.5256852375960063
79,37,02,-0.8248854505894664,-0.05628050658024795,-0.04860351474006309,-0.15177341082315363,0.8037799529553139,-1.3018487655555968,-1.0543604862777955
80,39,02,-0.20718483037250524,-0.05580722927368482,-0.04796243761575269,-0.17872917518106252,-0.18768358819659553,1.0956634869422734,1.0020957653537639
81,40,02,0.16032596529605664,-0.024647664099517838,-0.04737187645417525,0.5925369667980115,-0.7813235534573194,0.6214909075726454,0.3311578219791361
82,41,02,1.5635455528306919,0.06318444789998345,-0.03229341063120019,0.9084836178902493,-1.0225593795906336,1.4561743632121884,1.0537297113206032
83,42,02,1.1618070349035858,-0.06141908673846193,-0.048919580317499295,-0.21974382306137447,-0.7032138504650657,0.4572201577484529,0.3505106933559692
84,44,02,0.6325515645783681,-0.05951825300830659,-0.04884740014985971,-0.1869922603786967,-1.1626485431180842,0.727395071378524,0.6665931414321122
85,45,02,-0.7004838318057273,-0.05580982849202149,-0.0486853703674436,-0.14077702768857528,-0.894935893476198,0.1562157077018343,0.3830546072181469
86,47,02,-1.162325242364814,-0.055461575438002356,-0.0486006142435315,-0.1370601495416502,0.19169969579445142,-1.3034805798306057,-0.6571431549716185
87,48,02,-1.4443340674280802,-0.060533256922747275,-0.0488619526893497,-0.21261127229875398,0.29706930070584586,-1.1261386851111106,-0.886988115407275
88,49,02,0.9014000417970004,0.010507987664093879,-0.045721210708565774,1.150525592982597,-0.6557735397661134,0.8254838017011821,-0.2797069153594878
89,51,02,-0.2646713815384498,-0.05392707492492755,-0.04843729355129273,-0.1309076128480426,-1.0703587529312206,-0.5070454033347018,-0.33699294085418807
90,53,02,-0.06357604744155891,-0.05685863614840182,-0.048836058866067275,-0.15939536119124947,-0.6302527086638813,-0.13527929852305565,0.04458548147298684
91,54,02,-1.2867322979331839,-0.03871071550134088,-0.04417488235284148,-0.0870908529067715,1.9934231229964563,-1.0076773386030273,-1.8003640560335568
92,55,02,1.2926569005893906,-0.05353638685113319,-0.04810521911696574,-0.11628390796787631,-1.186322516833485,0.9184083953580081,1.1553802006723355
93,01,03,-0.1995105851042909,-0.047478856675019415,-0.04832108417018848,0.158852032700069,-1.0464298107136272,0.20848505972210474,0.1471189626351041
94,04,03,-0.03552448349795708,-0.03369848260820602,-0.04396563176850996,0.03632233716633219,-0.14654828888560936,-0.27054683801619117,0.009391849916001867
95,05,03,-0.9043888913826235,-0.04699723660685107,-0.047627646016258636,-0.06508972043282638,0.2043014997737444,-0.48281050028408234,-0.07247360849693345
96,06,03,-0.8064689533671514,-0.04698057255399225,-0.047803779282620036,-0.07676380540829955,-0.38628831670802266,-1.2274215519501304,-0.2272285603666389
97,08,03,0.7633999052164349,0.028978972593371587,-0.04465236333241155,0.8645542201762083,0.44493101923410666,1.0845507731852169,-0.37462628166091555
98,09,03,-0.4519663224798017,-0.06046683333359033,-0.048838752477469626,-0.20838175814317214,-0.3697627648744393,0.9793538238951103,0.6843976853327911
99,12,03,2.1985765069018526,-0.05600566944037986,-0.04845473930698849,-0.127971064387566,-1.9960852065463643,1.4576524183476816,1.3589614103050134
100,13,03,0.2714523822539224,-0.054899471649499834,-0.04855369937927134,-0.11957218508390781,-0.8312145397094219,1.297674195462362,0.6030527406442917
101,17,03,-0.7638705072659498,-0.061004094694908,-0.04887561310500787,-0.2157448936592752,0.7017319864647831,-1.1073354187197182,-1.013388073528106
102,18,03,2.403569390602307,-0.054560383220830164,-0.04849525410161298,-0.06057871011881876,-1.107218118400539,1.3184356465339688,0.4511091760555945
103,19,03,1.5405409607843117,-0.04580895996446161,-0.046667862266790226,-0.09622966063912812,0.0728361136880943,0.4205259107260215,0.48110866588721213
104,20,03,1.9576026447828052,-0.060242885936579726,-0.048848789242025875,-0.19722922875865262,-1.077838695428285,1.493519252423815,0.6677607344365969
105,21,03,0.8473463044892106,-0.06093586527356782,-0.048874108489290136,-0.21660784895453303,-1.365140055917092,0.7059596330296082,0.6986853667583665
106,22,03,0.4312699357864822,-0.04681824960797295,-0.046285678346421326,-0.14406542754245139,0.3683603004138725,0.4374671058131655,1.0986659084085073
107,24,03,-1.7836519416110153,-0.05983659306529792,-0.04884038825068522,-0.2126319799298084,1.4926430350181128,-1.6736315280688885,-1.2495243432600704
108,25,03,-0.32072421738167406,-0.05978442591631094,-0.048593964475339875,-0.21070213104869484,0.21517036434790016,-0.07784310741816625,0.5490196569880109
109,26,03,-0.04758250124133565,-0.0560368739265956,-0.04863827513640135,-0.1317154625955931,-0.521183790314821,-0.23131242147335185,-0.08735452471162393
110,27,03,0.16835046045144808,-0.06033800588240118,-0.04885072462023041,-0.20251114731793757,-1.1876310134013053,1.228515268785707,0.5746660676138811
111,28,03,-0.7507336533661159,-0.03476003931958679,-0.04670409545887212,0.09017730059029189,1.5647183728883256,-1.138425407776445,-1.8147511366438922
112,29,03,-0.3131611623296667,-0.04863851125962693,-0.04706579665713049,-0.13904313875733307,-0.3340078223735854,0.5455953004141265,0.6810734179446025
113,31,03,0.639656318947478,0.060967469537796214,-0.030511084273225002,0.628057289277591,0.017133979454705385,1.2397471456440516,0.6989147678549774
114,32,03,1.3307413530552032,-0.05714151678616084,-0.04851804400379522,-0.1354583009594131,-0.5116647434071757,-0.5131901770967694,-0.06054675927022748
115,34,03,-0.4932906865935502,-0.058874802266702934,-0.048651688388722795,-0.20198978421000524,-0.5089611641079299,-0.41486532670198834,0.36751118461705945
116,35,03,0.9353751921219066,0.01702120502715739,-0.036480329614909525,0.32309358076367967,1.2439010869849,-0.5168952943572976,1.5749084702245517
117,36,03,1.4187864799815824,-0.060917897005142545,-0.04881973126821499,-0.21847375599474086,-0.2093847455308681,0.9131519650181651,0.8147227212893958
118,37,03,0.9224042926199787,-0.04180357856697712,-0.04828994938652548,-0.07759773268002812,0.5376277974126158,-0.21126275398496613,0.04492892456453466
119,39,03,-1.5906766766659215,-0.06102554939806756,-0.04890265518698374,-0.21640137381557267,-0.22759964020317414,0.7221755622755865,0.32011317706883147
120,40,03,-0.005949364914207851,0.006550451635263541,-0.04008971734650628,0.28911642393678405,0.3727588080196973,-0.5028924263461374,0.13027171062803697
121,41,03,-0.23769068953018313,-0.05908287533986347,-0.04853484242523177,-0.2092265853909655,-0.5357715662457985,0.5181960956256169,0.34833328484809273
122,42,03,-0.25719747339099114,-0.05104505387005175,-0.04856400635157384,-0.012603268428148696,0.3186821140091772,-0.40746161052218777,-0.6288157466724839
123,45,03,0.6136984696272135,-0.05291167213395896,-0.04818015405494013,-0.13927914651678747,-0.13142222319537147,-0.3457729894409878,-0.7398493250937023
124,47,03,-1.1055325199368489,-0.05104144129667396,-0.048397604452961755,-0.03531171095457695,0.3270794162997226,0.41405721027108255,-0.21005794905092345
125,48,03,0.9623235106667577,-0.060751259997291314,-0.04887253147648333,-0.2100066480894356,-0.8299977676910759,0.9075695570115303,0.7460190722484425
126,49,03,-0.39074865216368515,-0.01563159396925152,-0.04711534004585824,0.961040228683165,0.5811020032966849,-1.067718371723119,-0.7656164837185275
127,51,03,-0.24143668674832938,-0.05999853045444641,-0.04877221342743544,-0.20557579871056214,-0.5633578646609573,0.4868843664658633,1.0010798918680763
128,53,03,0.10078375211675579,-0.03994369108152395,-0.04666766235282737,-0.12490396201476858,0.9092412787946634,-0.22372760277221762,-0.6242203298030548
129,54,03,-0.5988770537161898,-0.04087448284327242,-0.046541793080336874,-0.01778116437762927,-0.04051928484840526,-0.1473603476382539,0.5248618258058129
130,55,03,-0.6879679191491042,-0.03120268902712746,-0.04694315495211491,0.14718847695660037,0.373664806671411,-1.1999733294254205,-1.2935760941917083
131,01,04,-0.529997527224196,-0.041818977144539464,-0.04767782439393579,-0.04603796619809057,0.1504707863327305,0.4451080379675749,-0.4133337338119206
132,04,04,-1.0626213375740725,0.011179971054325558,-0.04529018086109597,0.6133256048260133,-0.48537074846963263,-0.1764162969520875,-0.5515245985993869
133,05,04,0.23560923666922806,-0.02298989821924239,-0.04673080593348555,0.49621690588826517,-0.2613133928551897,-0.24284750573709973,0.007198884165013763
134,06,04,0.32881593962189803,-0.03888647725172063,-0.04697768274967786,0.3943832616699801,-0.17730907727291212,-0.9331783718705591,-0.9792998358303391
135,08,04,0.9511685469463864,0.0061188232080210065,-0.04559434325381716,0.694105291464787,-1.0198456497868154,1.541668003903338,0.7161204746362382
136,09,04,0.5027005691304379,-0.06039613757434952,-0.04881058872655107,-0.20929361159663523,-0.5683698230634385,-0.29602694012879543,-0.5535487449470915
137,12,04,-0.6253527208543941,-0.05801970181085923,-0.048767306610963596,-0.1391132526870654,1.1300586104027763,-0.49996988951839244,-0.6205566978005098
138,13,04,0.09313730888151667,-0.06070106794237035,-0.04886318191829325,-0.2081780600909717,-1.0845325612420789,0.26938110538733534,0.3112812793537567
139,17,04,-1.6348900882937103,-0.061357552996967574,-0.04891535309428203,-0.21991828326948412,0.3572856580907401,-0.6337142915430941,-0.6690643896164197
140,18,04,1.5202179561180875,-0.05011293487195866,-0.04821459682051468,0.03933418072229088,-1.284923505445546,0.547262291541036,0.8506068979485707
141,19,04,1.0570291996823902,-0.02221505043526551,-0.0442150693134575,0.05892523061576442,-1.1566151891182594,1.1407514733948982,1.0180575720421083
142,20,04,1.0727623516240834,-0.038027908831842476,-0.04493372890820103,-0.05936040592115522,1.069344459561854,1.1102841956260145,1.5740599335001826
143,21,04,-1.0328163222024487,-0.049746525246050805,-0.04631085919080191,-0.1772909130696612,1.0919522513330568,-0.227978271679022,-0.3020803990765666
144,22,04,-0.7694983539282719,-0.03396541002312119,-0.047887483832617525,0.312525613198047,0.808273575848909,0.4796809409912208,-0.28567767081784284
145,24,04,-1.2933319556367668,-0.060717655662491106,-0.04886709909559713,-0.21273688998763643,0.5866709466436811,-1.7937532755881203,-1.722802253474296
146,25,04,-0.6846891901784713,-0.05992132843675778,-0.04883647091294584,-0.19377720227436748,-0.15023787763033591,-0.5007138510982849,-0.45983350859375766
147,26,04,1.029016719813881,-0.04501581677049697,-0.04759034672481493,0.03626960899976858,-1.1713031701403422,1.037196238506179,0.9696072186543294
148,27,04,2.2469809173427637,-0.06088975015123453,-0.048854281363878704,-0.21396159835272444,-0.6128665406248756,1.1491043349588417,1.4959459120176213
149,28,04,1.2665997226625207,-0.04833310939750971,-0.048041619589984916,0.030501207672866678,-1.7176870951329268,1.0774040228212707,0.8203874974925093
150,29,04,-0.18685063291557932,-0.03065041745254315,-0.046880730019323635,0.15744485086181806,-0.22886057886686856,0.6139567512911643,-0.46561863295037026
151,32,04,2.1178332511775744,0.02202859461495394,-0.04078146045194704,1.1976830466475756,-0.9464978855840432,1.2803862211440038,-0.08056536099384701
152,34,04,-0.258785606965125,-0.060076444351563535,-0.048778797463588874,-0.20970816422229036,0.31959320239139793,0.04034362651666545,0.5527734258441475
153,36,04,1.612722120035928,-0.06124517612873311,-0.048912987607821264,-0.21945385103938386,-1.677496932892439,1.122382808865019,1.3192386037291315
154,37,04,-0.4972409806862722,-0.059846059422722656,-0.04880726995144099,-0.21003205478502063,0.7586662226442034,-1.9069128071435386,-1.9214564265325698
155,39,04,-0.8713851165552112,-0.04859334559124809,-0.04726772354620123,-0.10744970370513042,1.1949867884957028,-1.6284730278806063,-2.1632699494593304
156,40,04,-0.019548660196110738,-0.0438430348773501,-0.04713298784746512,-0.0074339307602499126,-0.685905167345935,0.9043715929190239,0.6738188221556469
157,41,04,1.1869325400810358,-0.029089012910545636,-0.04750029691993185,0.3607060921987331,-1.163923803908644,0.16975366502402164,0.27058415677566666
158,42,04,0.9070878137103973,-0.05892991620190042,-0.04859461263870666,-0.1937367068062498,-0.1890835340179774,-0.8106386626798969,1.2369109958085909
159,45,04,0.055757627592071,-0.05929256739551308,-0.048717134429938164,-0.19706639089943573,-0.38846330438242344,0.3232575750294629,0.3266755354835114
160,47,04,-0.9264425854338396,-0.04938326779634039,-0.0470268117538277,-0.16842196323962452,1.037109390455463,0.46894505891048266,0.6139017645521642
161,48,04,-0.6148543897772039,-0.04352442805808438,-0.04704034735597585,-0.07252749616547162,-0.031609985498185736,0.7148086587007842,0.9058388150072566
162,49,04,-0.05270689271548045,-0.05544786178408471,-0.04878978092903301,-0.13237392430514394,1.3032056194730752,-0.0989915388185213,-0.19390889371486894
163,51,04,-0.4276346350497173,-0.05452394461317979,-0.048424829402692576,-0.1406051820246151,-0.9132365861318292,0.5938968043429588,-0.40272168857981616
164,53,04,-0.2230019669534459,-0.012648628568842893,-0.04521103308932929,0.29829105603322675,0.23306959898411958,0.4657144159616714,0.8549900964784982
165,55,04,0.6280302381130258,-0.05983349228407324,-0.04890517344888094,-0.21410895160235738,-1.822139155314754,1.6903547354170763,1.5843737287453767
166,01,05,0.09727835868696343,-0.05480380996044223,-0.047747818690596966,-0.18582045669602051,1.4270347755771795,-0.19466704204108126,0.5783625917698559
167,04,05,2.170524164795305,-0.06109894449927734,-0.048899831139535783,-0.21329984648881137,-1.5079094621956903,1.1852903284441778,1.0219021945260767
168,06,05,-0.7054257371735951,-0.057920897198544916,-0.04870590170889745,-0.12542292817929443,0.36971063551317473,0.1098175187453706,-0.7201304534290458
169,08,05,0.9889693436390526,-0.048429350172550456,-0.047825175335320165,-0.10113526158661208,-0.6127393339911511,0.8306070458988632,0.9380498292638234
170,09,05,-0.16312995695549115,-0.05898916007657938,-0.048802943429328435,-0.19816834922594995,0.16660236348955856,1.29390540058312,0.0019257147443081536
171,12,05,-1.2991872391493393,-0.05433468231520224,-0.0462309411387826,-0.21150449319557435,1.1594494947508842,-0.36442296616738107,-0.5871144255355089
172,13,05,0.9051966399620858,-0.061127359817571454,-0.048906222701228866,-0.21516134101292803,-1.5666660889725956,1.2870016949100445,0.4978719376920867
173,17,05,-1.309544985857969,-0.061250954224830595,-0.04890178651962154,-0.21943003849537124,0.6963511398472488,-1.5570956763048913,-0.47733923911461873
174,18,05,0.735426257730127,-0.057890652037434,-0.048611905613257976,-0.1667230516988288,-0.445315192470106,0.34977892466866284,-0.11075480427289547
175,21,05,-0.18956785508939505,-0.04112230777320733,-0.0474973186407016,0.0005111237367649195,0.10418574318723416,-0.4833068774768083,-0.27776887115586696
176,22,05,-1.2547435672023117,-0.027355236500368505,-0.046356655211502965,0.20828066814392526,-0.055921019121200906,0.5155755884591946,-1.7284166528664735
177,24,05,0.5344329590805612,-0.05737278140928267,-0.04879008617419178,-0.14412621179195506,-0.9363016234203627,0.6877667816505404,0.13777199401330556
178,25,05,-0.7455783576334676,-0.060848549382111775,-0.04884986466436184,-0.21647214702415413,0.9936231598650893,-1.4378006758895685,-1.5734557254057697
179,26,05,-0.3527364597813151,-0.049478621488636375,-0.04872285708190078,0.03257768154938887,-0.4766579442233955,-0.4291193305500083,-1.080337280028045
180,27,05,0.9517874594876925,-0.06127456155608588,-0.04891221366663594,-0.2161978993023122,-1.2869893589257584,1.4577984791923335,1.0513640030853464
181,29,05,-0.5203587916967916,-0.05640952419161984,-0.048278474556899195,-0.19694447014854077,0.8273936540443289,0.12860242731047242,-0.13596837486263816
182,34,05,-0.39325106428985984,-0.05895628121984521,-0.04861658316522439,-0.20996018683680362,1.2211126813220838,-1.334752444217519,0.05988502445267768
183,36,05,-0.10810314367826686,-0.06125282777413831,-0.048920332572239975,-0.21950727780409737,-0.31424149540956575,-0.3886544999976567,-1.226465658171176
184,37,05,0.4680815143686973,-0.054382971209865745,-0.047605051286217344,-0.18002982362029119,-0.5263587766588387,0.06284172391880488,1.037129723598664
185,39,05,0.495187070370409,-0.05065350417984875,-0.04791723714053064,-0.0968038224570224,-0.8964315153272527,0.8630355720358421,0.625739750195324
186,40,05,0.14033730358563018,-0.057290660853153326,-0.04852496501390905,-0.17185687172564412,-0.34433929866400975,-0.8982156466124238,-1.6239579005135352
187,41,05,-0.9067989765813116,-0.04723693549099672,-0.04787643817002465,-0.15161006276807273,1.4115693483678975,0.5127676118901348,-0.27126073568355447
188,42,05,-0.023485278109611585,-0.039547311472888834,-0.04621256906426323,0.01858337357882139,-0.6356432144911386,0.3363268134683128,0.6683546588830231
189,45,05,-0.3553354439487898,-0.051478778482717584,-0.04794281392754288,-0.12740484710296857,-0.668110399699298,-0.7429339180551736,0.06548347731898095
190,47,05,0.29053672719936213,-0.05929724429819168,-0.048713043174123845,-0.20367734058727288,0.5010419960699329,0.7750332153587213,1.2557992469011017
191,48,05,-0.9881829423716002,-0.05143324987228523,-0.048041682891084424,-0.07073296205720377,0.8117524451776345,-0.7602960605791659,-0.6820426340231153
192,51,05,-0.84223716305737,-0.03961209801393256,-0.04748744481924021,0.13807536069853887,0.6058415939607451,-0.772861959777338,-0.03252366470239744
193,53,05,1.3763837644964267,-0.030850125400783853,-0.047492290125888306,0.3002895461474023,-0.18243064684555174,1.3449084593191647,1.2554545751765236
194,55,05,-0.13107549134355387,-0.05790401830563799,-0.04860312774951638,-0.18753201511906448,-0.43278114540394585,1.0197552709375188,0.799553481975737
195,01,06,-0.9489554590382632,-0.053343327921982944,-0.04867663942736845,-0.11086304719425108,0.8768062368436088,0.029099452730579345,0.5702159486461071
196,04,06,0.5702180339431949,-0.06051998940078088,-0.04884533577081631,-0.2096724621050178,-1.3279800153823589,1.2048980139871315,1.2464199291523193
197,06,06,-0.42715747572861285,-0.061161614365017485,-0.048911975080881964,-0.21586684801072076,-0.4009029122326001,0.41547514985665596,1.2511386192482534
198,08,06,-1.13159636503052,-0.06029565176896032,-0.04888027218123237,-0.20293693885065642,0.15071470927881714,-1.3086423652065462,-0.2610985930716126
199,12,06,0.7520118024216177,-0.05706051598651684,-0.048765439391081196,-0.08315807269837615,-0.6490786909713482,0.2544908859900554,0.8932394940392258
200,13,06,0.12960950942222238,-0.060933297097907034,-0.048894977400279406,-0.2135984762802301,-0.8882489506527559,0.9799592674038132,0.5171759347231325
201,17,06,-1.1706850589226063,-0.06052498701166884,-0.04889108787029335,-0.20484696376181646,1.069172594430258,-0.6374275323816635,-0.6709689541594022
202,18,06,1.9247594971633761,-0.051065726915879635,-0.04840886927108521,0.022981981613417645,-1.2807158543364645,1.4737592228628837,1.035447449012872
203,21,06,-0.7040075158933475,-0.053440489134349685,-0.04798997869718854,-0.15258501682339887,-0.23519167318291306,1.0642934255221856,0.7709995813635853
204,22,06,-1.4568461435820466,-0.05206698805240453,-0.04861578493366802,-0.1168253642970822,0.6031482384916051,-0.6583297014463823,-0.22089341049035857
205,24,06,-1.4720060983704335,-0.05411515131741022,-0.04743083162543137,-0.19133006222584564,1.205533381253819,-2.440931102600777,-1.2705067595423374
206,25,06,0.9930493466981141,-0.05993630497589177,-0.04888902432144963,-0.20995804929758147,-0.9668203606002614,1.0786278798244582,0.9094160560159199
207,26,06,2.2037773318408505,-0.052869094317577955,-0.048316474076559285,-0.10214909684294432,-0.4056286916793293,0.5981436636089107,1.0802237828384713
208,27,06,-0.3008544203234922,-0.053816071855882344,-0.048195595208364,-0.1565333665736345,0.4778691163202766,-0.1508820540585822,-1.0220613947167192
209,29,06,-0.2545804496996143,-0.026513902876456243,-0.04380994668313207,0.002765349069943883,0.32758100336326285,0.04630675908499677,1.184642629158655
210,34,06,-0.9400600661217954,-0.06049739006039021,-0.048871511812675114,-0.21400229512145588,1.5724286836804384,-1.0150584360583808,-1.645765519776591
211,36,06,0.6151426850268285,-0.06149083392332073,-0.048924616411302184,-0.22104933417656014,0.8172613208958486,-0.4488207390106251,-0.3809259495702318
212,37,06,0.4662990313203781,-0.05433727185317824,-0.04842222199530035,-0.1152484600561314,-0.587238653964242,0.24539308756234973,1.1057735086034672
213,39,06,-0.838550605966293,-0.043928933325852335,-0.0473932710501858,0.1591996223973789,1.0388031143747618,-1.7060659509242828,-2.551341762507723
214,42,06,-1.403653180691733,-0.059095108348956746,-0.04872806552409265,-0.20346471743868835,1.875871398486862,-1.1405155375068174,-1.2893625016993084
215,45,06,-1.3990655239956349,-0.04447994092852624,-0.04813329877973392,-0.029212788535182718,0.36154844490161986,-0.18074760158868056,-0.13858570949642265
216,47,06,-0.21200519921862523,-0.04865958339674074,-0.047218838246634184,-0.11690912093529154,-0.3818483796327257,-0.7864159170728034,0.5341446373400752
217,48,06,-0.32838085475014295,-0.05765620639393957,-0.0483508745024682,-0.16660161251624026,-0.24577546531396385,-0.5088435198237511,-0.11622056419249534
218,51,06,-0.7342269390381592,-0.049341984381909745,-0.04818542913118199,0.01996143531840781,0.2969238664940439,-0.8159171349067196,-1.309818715239075
219,53,06,1.7654486768010247,-0.044135206603840633,-0.04730105962344219,-0.09176306960481768,-0.9284426217658551,0.8566924931723212,1.2901824874758863
220,55,06,0.006015029378916333,-0.04577356456661918,-0.04794299200937595,-0.10716893002150782,1.1533790841010656,1.4808429437559045,1.1982281365552658
221,01,07,-0.9689364155581972,-0.03960890070055276,-0.0479923804164666,0.15820496810895343,-0.6436828592911853,0.5751541140612176,-0.302890838043185
222,04,07,1.2759971949826543,-0.061216744721469575,-0.04889514997384023,-0.21806530593306803,-1.1969700425531622,0.8503487438914361,0.8756200788300851
223,06,07,1.6901433646304114,-0.0606605529508848,-0.048875365235886974,-0.20153599549920587,-1.897905878877198,1.4926534290430864,0.7689957162178914
224,08,07,-0.9175397777373233,-0.060734151955301116,-0.0488669870362567,-0.2125286477120506,0.5988960456002091,-0.8604681874331613,0.02503020588578658
225,12,07,0.9447274814047477,-0.060859850312138634,-0.048884713548910344,-0.20962456736005577,-1.2141448157653967,1.4368839406107214,1.0913474752487504
226,13,07,0.03957350742338565,-0.060817285696239606,-0.04888857936444109,-0.21058152652279857,-0.7631350919282042,0.7566110806864887,0.24680777671669024
227,17,07,-1.4503239294636527,-0.06135725880314257,-0.04890993458370785,-0.22025484799209097,0.7143890676882505,-2.0126476026704565,0.04997738744416568
228,18,07,2.088494533926018,-0.0610713394946765,-0.048887682968862554,-0.21588160889266847,-0.9520953208178915,1.5340237536970396,1.9206589682588446
229,24,07,-1.3334756247061792,-0.060242263961051645,-0.048829952041049195,-0.21040270032695996,1.2280796230498623,-0.8371894218572807,-0.8932606901338075
230,25,07,-1.4609200111812073,-0.061151223799589705,-0.04892513147167026,-0.21728492238576835,0.05934733484027426,-1.3495265282980353,-1.2831419622967815
231,26,07,0.1012670060615691,-0.05216067653503346,-0.047662686336106444,-0.15882270314790323,-0.13634447244865733,-0.2719523589372239,1.039586045821377
232,27,07,-0.26932575027105027,0.017083012928008713,-0.04651221216232687,1.0398887560077352,0.5683067017944431,0.9482632859450728,0.6011535327361982
233,29,07,1.5587664024197783,-0.05063472199408229,-0.047856026781521274,-0.09629420837123263,-0.5279699492444471,-0.08094823679786772,1.1254049636802617
234,34,07,-0.41880666459450133,-0.059475625181347594,-0.04880228199904422,-0.20711833429513976,-0.6556134461962884,0.7181016614228392,0.5594938914166395
235,36,07,-1.3118092443109752,-0.06148747606919856,-0.04892445575753988,-0.2211223927722849,0.16537482560191097,-1.6986026028085777,-1.1520313403528881
236,37,07,0.49632267569406907,-0.05017880895056433,-0.04868654669062302,-0.09424345262551713,0.2653522162301005,1.2185850709116615,0.9628006340177767
237,39,07,-1.043747377162724,-0.05225539770066712,-0.04818951015538527,-0.14114870700654963,-0.2361699924794621,-0.21748064180024188,0.05846344379490866
238,42,07,-1.7242630797579723,-0.05877703508347495,-0.048705356467329104,-0.20348012754234046,0.7501968060045772,-0.5591302322919205,-1.1115531000358019
239,45,07,0.3380373453029683,-0.0517364636845816,-0.048265894780665196,-0.06894407396195101,0.35122173533256285,-0.6954166418338411,-0.8704557429118189
240,47,07,-0.27113490600459567,-0.043687132703770754,-0.04760591457762383,-0.06920561859787976,-0.5404437131093234,-0.007242977646945936,0.8117904676498227
241,48,07,-0.9516676063596621,-0.06116679345416698,-0.04890121881929324,-0.2164008287682233,-0.17388722142061264,-1.3169673764945313,-0.7347360135393155
242,51,07,-0.4396755838085603,-0.055040845853974334,-0.048724072798290594,-0.07125875340856999,-0.49609582117708084,1.230409225428554,0.659151309771704
243,53,07,0.6494370011765345,-0.06097003973399891,-0.04891932823644418,-0.20319466333987846,0.9448715511750357,0.13512671039957377,0.2814188762370219
244,55,07,0.0034739502000665965,-0.0035507929152476694,-0.04352438333862337,0.27974175960001824,0.01475346000014317,0.8145306996960717,0.7466361687779877
245,04,08,-0.38713437496140934,-0.060443259199559035,-0.04885926080456059,-0.20441827499565,0.14386265501540157,-0.5647179560480418,-0.16096378787613008
246,06,08,0.18803708666916788,-0.00561246469520658,-0.04275402731189279,1.5670721220220174,0.793730531872983,-2.0876837632070946,-0.7823954841938824
247,12,08,1.384962728956146,-0.057527638808403225,-0.04876683063116152,-0.09091272551948053,-0.3828957708471503,0.4872304012848718,0.42914305515884577
248,13,08,-0.7679941482995075,-0.044064413855197465,-0.04828376455043164,0.14248475903604454,-0.20125509345301762,0.8387408253560849,0.3043230754152751
249,17,08,-1.0588148229075207,-0.06102531265611192,-0.048892962035900704,-0.21595545298080882,-0.19762661426747358,-0.06218653572769809,-0.14901634826264645
250,18,08,-0.2743712651082373,-0.046375885529686064,-0.048195564484352825,0.15438422839474786,-0.6123581916284705,0.527450958272563,1.2380024287670217
251,24,08,-1.3945930498375276,-0.05920314657432746,-0.04884111858295916,-0.18402099110497014,0.5596979560036829,-1.882659410478905,0.16316248678549217
252,25,08,-0.9322496564199712,-0.060302330475342995,-0.04888316136598395,-0.20892396989499404,0.07894379017158877,-0.7295521165350193,0.15532417932873288
253,26,08,0.598999352081456,-0.05848235262147551,-0.0483445939482704,-0.2058101505827482,1.3519441926317932,-0.3257312740796207,-0.43636355438091157
254,27,08,0.6481684415792275,0.007077908012717305,-0.042674887710677394,0.6854775329608112,-0.7468138717980998,0.5051378295075433,-0.26939083783647944
255,29,08,0.6797438808727466,-0.026866325368811925,-0.04621147438580337,0.27525496593835314,-1.1392345294259414,0.7834967060708685,1.5251871281107332
256,34,08,-1.2388452008948827,-0.061356996351047,-0.04892026008975435,-0.21967993507311717,1.327418517116219,-1.1066559284946784,-0.8650336838133356
257,36,08,-0.5519897515739661,-0.06142188208521531,-0.04892643847241428,-0.21998777592521798,0.5287818002377898,0.34961364722220534,-2.0660296961439464
258,37,08,-0.48545836013627375,-0.05543315480578316,-0.047836642466727024,-0.18320463667120973,0.8908060579175845,-0.6971281427507536,-0.7781624876335728
259,39,08,0.20307571730018012,-0.05573171702815071,-0.04864312886121903,-0.12236940997613958,0.4066608061747429,0.6588050108387192,-1.0855526433796299
260,42,08,0.8506889975577451,-0.06016114629940925,-0.048801035980819564,-0.2013947329822253,0.02568150261130624,-0.5742803899079943,-0.5653312871801519
261,47,08,-0.002628200139655215,-0.04953406854967587,-0.04739182499945466,-0.057157545123400405,-0.5261155625994441,-0.1340921468687617,0.06513590097607296
262,48,08,-0.17027660185507842,-0.051913149137428595,-0.04832424921931237,-0.03689023625229515,-1.7988551257983998,1.5407490708197664,1.1471769260008482
263,51,08,0.10172491276169952,-0.06126014630515244,-0.04892130028856846,-0.21664743528929517,-0.9762293591627408,0.8207948094741837,0.38384226118016074
264,53,08,-0.5860513414909619,-0.04288228076122724,-0.04749547023669532,-0.061473375175971734,1.5241766128409315,-0.5411029865535845,-0.023229803785035176
265,55,08,0.5117249587904839,-0.04099691716799432,-0.04813885660678869,0.05045653766803419,-0.1612102782032016,0.958946038047947,0.222900265985714
266,04,09,-0.8170833273717375,-0.06113360240904885,-0.04890857361285369,-0.2153858307643411,0.9358027717806469,-1.4234997815306734,-1.4736599507749237
267,06,09,0.7496305047480604,-0.05934780221845143,-0.048699427802453385,-0.19331784445114464,-0.5128366063960532,1.2404838631670307,0.6932774348462384
268,12,09,1.650291140638992,-0.05773267293040436,-0.04864227526135362,-0.16852519258538856,-1.6061417935137319,1.0028887900200572,0.9486696896123243
269,13,09,0.27578098133609374,-0.05292649805333382,-0.04780707049093174,-0.13278772559425417,-0.36761962968724954,0.11159888596037171,0.19331385016816027
270,17,09,-1.015188799563493,-0.06127881459205707,-0.04889865004773529,-0.21939873031957297,1.1075307134070131,-0.8065180138958942,-0.8930503831591232
271,18,09,0.963702024547187,-0.0534080424985111,-0.04853430307017156,-0.038905546483676,-0.9716862730223396,0.9779629720467757,-0.06937644073867971
272,25,09,0.21819892057730866,-0.055555951684696556,-0.048702908661584304,-0.18765137582682132,-1.5174192800386395,1.0428040657352036,0.8244715964014322
273,26,09,-0.6353139443727719,-0.06113519982606492,-0.048881375881141546,-0.2188536822034601,1.0105802671710034,0.250597296137679,0.2978842371001969
274,34,09,-0.5941887958056609,-0.06128713803847481,-0.04892230393096195,-0.21849273101152944,0.485497867730797,-0.6210285929721153,0.6618360345585902
275,36,09,0.37103870457362853,-0.06151209196042329,-0.0489308881212902,-0.22073055972757646,0.19286254072872341,-0.19869216431121842,1.145951536680222
276,37,09,-0.631870951584593,-0.05321828508458556,-0.04737141843533863,-0.18227701142337235,1.8550815067365192,-1.1270710508185497,-0.9640447053734965
277,39,09,-0.470168690229405,-0.05625529636530783,-0.0474410928675368,-0.21176166941571098,0.6818141116579023,-0.15638769695798568,0.20872595897892268
278,42,09,-0.9888356890257983,-0.0487983932958411,-0.04714585864712192,-0.15417156751033004,0.7161690434590973,-0.9792418112208952,0.6275446721706657
279,47,09,-0.5151324059566982,-0.06054387047551212,-0.04888302189758117,-0.21344024051714633,-0.053756283920901676,0.6887934726812431,0.9845404408908738
280,48,09,-0.8066680787203625,-0.061190431695933495,-0.04889228400981964,-0.21927450047425415,0.9911873903871561,-0.19631924435622852,-0.6120612210640465
281,51,09,-0.6996974421886502,-0.042305245668454707,-0.04501036443077926,-0.12045354123375522,0.833660943644838,-1.5745068578740695,0.6590201544752414
282,53,09,-0.7671672752540911,-0.06096116246521638,-0.048908003655544464,-0.20995472589980776,0.8011408619663005,-0.910408307340684,-1.588065404911614
283,06,10,0.5958128888798009,-0.0581491265354681,-0.048713727208224554,-0.17542886438319,0.12652892583916864,0.07252297760286393,-0.0619870105675878
284,12,10,1.9827044481730969,-0.06080589787559363,-0.04888814661148124,-0.2079914207284511,-0.48341267675436217,1.2343743258936262,0.8308803194199316
285,13,10,0.15788179710363529,-0.04947135453708862,-0.04767434391904749,-0.08562625414925085,-1.0963174279911732,0.6999858406860154,0.7582964925749417
286,17,10,-0.5819707458988428,-0.06079899752408939,-0.0489047344146321,-0.20840822619258362,-0.0694468883231732,0.0926583843592943,-0.7105736983644836
287,26,10,1.9437884603239073,-0.05091772953889679,-0.04848605407387939,-0.09419773984949827,-1.704562667337297,0.7679980194772636,1.5292736196125816
288,34,10,-1.017799400345126,-0.06133463623154374,-0.048919242358061714,-0.21890361535533684,0.46564031980625664,-0.2924120309915786,-1.1543744117374266
289,36,10,-1.2820375946259506,-0.0614723489191696,-0.04893073916713249,-0.21940074789730196,4.4749311757849615,-0.34155691468005916,-1.7704944531750348
290,37,10,-0.03622464010549363,-0.05641352429974717,-0.04800959291866097,-0.20492778261507816,0.7710159222174646,-0.021810067704865845,0.9133982277550363
291,39,10,0.786870529802166,-0.059627971687890094,-0.04851969077259404,-0.20581881507182342,0.9761457099059836,0.1223815195439259,0.15946853296562993
292,42,10,-0.9228906398716176,-0.040321220364717636,-0.04643582684382063,-0.0546808203558501,0.17856952128006476,-1.2469089581751216,-0.2099450442759447
293,48,10,-0.8194606843221891,-0.05238686714089604,-0.04725547396334447,-0.17090579316939314,0.4114488485158966,0.38570760641148194,0.2820175043475265
294,51,10,-1.0708887907671827,-0.0581767823826732,-0.04861005613064606,-0.2043188029704992,-0.4727876045925756,-0.5072372235740803,-0.7066550017051653
295,53,10,-0.1743989099712572,-0.05956019592188979,-0.04866957265315725,-0.2035962251815842,-0.05860215845668715,0.7409553112593725,0.4360212212903629
296,06,11,-0.2545023086228353,-0.06057253396373104,-0.048809218842241806,-0.21616714459222758,-0.027372237937094444,0.28255742132254763,0.05689958577976693
297,12,11,0.6203787262989245,-0.0569432045519345,-0.04856168269565158,-0.16881544343982477,-1.1186878878277862,1.069620259816822,0.9083785700649321
298,13,11,0.1755423551906039,-0.05957096900257055,-0.04881721277041504,-0.19839026696059106,-0.6758525384000857,-0.5109160198191957,1.3401276132332558
299,17,11,-1.100304821041202,-0.060760866414268776,-0.04888041730594299,-0.21432835616593243,0.8939973268474076,-0.5634229638897413,-0.3254833705425492
300,26,11,-0.7825449233621337,-0.06050560983328332,-0.04886632732909645,-0.21376969815605687,0.6056344188278929,-0.3025692010719956,-0.6159842613797955
301,34,11,-0.28968743770954336,-0.06047004585129393,-0.04887568220986585,-0.21094850706172624,-0.9166460668746479,0.9595752799189298,1.0354945520458225
302,36,11,1.5174781532588661,-0.06134759148614627,-0.04890353814966143,-0.21999204225145721,-0.8364768028858585,0.7462446383161151,0.5520892162286191
303,37,11,-0.42901340043712594,-0.05030493843393645,-0.04715522961384582,-0.14598595125611502,1.537504053502127,-1.2500315943034164,-1.2423217282882757
304,39,11,-0.8866100085889919,-0.059961556529510115,-0.0489161940435117,-0.20202211214083945,-0.0021814004036907197,0.18485680424446344,0.6697770511227257
305,42,11,-0.9788410336937117,-0.05260233110853929,-0.04791099643674278,-0.08849622795709766,0.42895222937517236,-2.416651266296619,-2.12725796242569
306,48,11,-0.4586165756675401,-0.0016405781808493782,-0.044230773590659654,0.19525504664622592,-0.28055893504377,-0.10309893620652134,0.07843458759521965
307,51,11,-1.295823549226297,-0.061019087911737865,-0.04891426535329988,-0.21378137227856564,-0.03915476120038661,-0.16441594501596077,-0.35711431421677314
308,06,12,0.7942885448701663,-0.06130627416045915,-0.04892448101813934,-0.21977774627586202,0.05020290847971604,-0.9992040566427146,0.36146030308553123
309,12,12,1.4431280132851938,-0.059828309624148396,-0.04876447915877356,-0.19958149508239126,0.6461967348027531,-0.30990638595199604,0.5014746985301823
310,13,12,-0.5716700797632606,-0.04537917522725861,-0.04808855224570135,0.06694976198193554,-0.5719800202097304,0.1661432346891788,0.2615328495816969
311,17,12,-0.040138034588668166,-0.050244784381821304,-0.048207927018468134,0.005551345193219656,0.07750147416695849,-0.6081617509383493,-0.5476485274131976
312,26,12,-0.3472277264386835,-0.060581449685232394,-0.04880414781667062,-0.21383651137372583,0.3561108056356258,-0.3364917710156722,-0.6264405561151876
313,34,12,-0.7724238587270253,-0.06057094478936276,-0.04886836835300259,-0.20693263572354748,-0.02611902447566009,-1.0817075850415836,-0.062221117541776956
314,36,12,0.4446159949975717,-0.06151248990217941,-0.048930016696728945,-0.22090426555154408,-0.9638113105794615,0.3136958994780598,0.5276326076471441
315,37,12,0.1257772425288234,-0.06073072102067264,-0.04890256457993806,-0.2048957418082023,-0.6083666028596193,0.6980024337553459,0.7894401307169945
316,39,12,-0.9359405459942607,-0.05610510766582667,-0.04851583374651651,-0.1595778351124004,0.43974405188578114,-0.2707610936703354,-1.3647416767093923
317,42,12,-1.2452687165240393,-0.054175669692424266,-0.04829445397714939,-0.17320263920167236,1.808679111891493,-1.6982098667917505,-2.3435514502085932
318,48,12,-0.2051566188239282,-0.058992054194426706,-0.04878983616418544,-0.19081237832731182,-1.1703517679849755,-0.1802121616178106,0.8010629696300503
319,06,13,0.8137853147444637,-0.06131702254888773,-0.04891954728537244,-0.21751788696272134,-0.9495982188845035,0.08885210215591052,0.14842679045480553
320,12,13,3.168592049445428,-0.060945953809115785,-0.04891529072030093,-0.2089712896596702,-1.9635074467651759,1.1640364105923415,1.1619726054602098
321,13,13,-0.7448112622544909,-0.0599547038723106,-0.048827236460182576,-0.20476968172928,0.5666514009621906,-0.8781183611415575,-1.1957400697412357
322,17,13,-0.554224683559509,-0.04635047348441952,-0.04793249252095118,-0.06508223023805172,2.2167572489743717,-2.3174000689392655,-1.5199774578897884
323,26,13,-0.589256058035337,-0.0610850723700948,-0.04889385099230211,-0.21796092697306552,1.069696380331426,-1.1091903744677525,-1.197325397281356
324,36,13,0.353236928054173,-0.06151656671319719,-0.04893065529752601,-0.22072959610399953,1.3437109333450221,-0.948109131803802,-1.9283708983674182
325,37,13,-0.2650987582742508,-0.057573098444806244,-0.04852908066429158,-0.1908610565967875,0.9515612929138059,0.5290060503159031,0.2767328972944985
326,39,13,-1.3753511276683954,-0.05920191220877727,-0.048634588133101654,-0.21426599208034577,-0.031092661326101632,-0.014091023001859698,-0.08753369206535201
327,42,13,-1.448417745233782,-0.06116845095049581,-0.04889552575836862,-0.21873641470531646,0.9899150479214432,-1.3030543979771616,-0.2681588014436629
328,48,13,0.055202447780540564,0.016462692392978043,-0.04070632357664693,0.33042480359040055,0.8430118653665637,-1.0502197115595198,-1.9239976149353646
329,06,14,0.11439958731852623,-0.05993603828245045,-0.048856683714292755,-0.2080150355191115,-1.3152107595184857,0.20122603828019098,-2.7981254729780565
330,12,14,1.5855557626416252,-0.06097660384204491,-0.04889823925742894,-0.21456453096720599,-0.8142157125802599,0.868173262932169,0.32357458433487246
331,13,14,0.4720479118446522,-0.05520601962510312,-0.04859182886925078,-0.1342935733288483,-1.0143899662026559,0.5671788503121228,0.5222120808678962
332,17,14,-0.7433792602488415,-0.057802806637267445,-0.04881997347324674,-0.1450802837008532,0.3813735227797631,0.9037407751842232,-0.8278317870247411
333,26,14,-1.263054907453432,-0.06068435013505145,-0.048871722975512844,-0.2148974755091074,0.6979286581388632,-1.916076987769627,-1.9546140872607138
334,36,14,-0.23722297507515702,-0.06144949511424187,-0.04892823637301613,-0.21933875127367344,0.3958521949077913,-1.1952848680657435,-1.4913839622485574
335,39,14,0.7855159134636621,-0.05562098731442344,-0.04845448741915609,-0.18744146984958165,-1.0812876141611591,1.3324759653579072,0.7348936304141103
336,42,14,-1.1468592162939362,-0.0610215728410174,-0.04888219045636627,-0.21661189418796425,0.20993529525260485,-0.22426741050758722,-0.07290725567048378
337,48,14,-0.7878272893201738,-0.05398710278059828,-0.04800766442334637,-0.11916004523260396,2.057577481332682,-2.662459105760131,-2.1342115525831975
338,06,15,0.2572021557505633,-0.06039058787706768,-0.04883826904194249,-0.21186602164698642,0.5931187654785401,1.1600729507253038,1.1354023387986496
339,12,15,0.05308384957752971,-0.05960375151243763,-0.048800087031012906,-0.17127554553439023,0.642095742394535,-1.095076877849664,-1.1753543557761936
340,17,15,-0.3312056349047993,-0.031357262320568735,-0.047494480584359317,0.43322371330230974,-0.143114161180091,0.035822287918139024,-0.48698078161234054
341,36,15,2.375676205523151,-0.061517640168314056,-0.04893020558564805,-0.22111468879686366,-1.6357907068231285,0.9793840548365588,1.148914703210343
342,39,15,-0.9267608227704479,-0.05150803784237185,-0.04818963418208109,-0.15936686576732229,0.7522121499353513,0.5059098644125909,0.3290859676173242
343,42,15,-0.9597211340182474,-0.05837555292687421,-0.04811381442265078,-0.1979277991692189,1.6186257178515795,-2.0955032765989454,-1.9220467695486014
344,48,15,-1.0203031648302836,-0.04242100881191855,-0.04874329582556649,1.1250970424229236,-0.034773758439253816,-1.5850165309749398,-1.5448230350137937
345,06,16,0.02805339198076329,-0.05612001394304466,-0.048215292031537786,-0.1825691238817562,0.42238447229942805,0.07749035506079596,0.5429374869156198
346,12,16,2.2773555105063368,-0.05921505893138554,-0.048851514904487435,-0.16498915567753814,-1.8240763765227364,1.5465388413587569,0.6704570779431679
347,17,16,-0.18222557488279742,-0.04387005171089895,-0.0477548119634276,0.08283375221483989,-0.17140067448582091,-0.905700661293558,-1.4463464318458128
348,36,16,0.9880547195108643,-0.06135586972150841,-0.04891933140558945,-0.21953381552585802,-0.3585635664999303,1.12930088608649,0.6955870894858768
349,39,16,-1.1544683211612594,-0.05842099177139225,-0.048737623141229466,-0.18623324492619894,0.15516448933443017,-0.6009354473167715,-1.2718381968200643
350,42,16,-1.0687353875865477,-0.059095801727821126,-0.04874353210243191,-0.19450576942929304,0.0069026061772900086,-0.28774948635514963,-0.6204202524053904
351,48,16,2.36778746053,-0.06055188343327624,-0.04881189301321105,-0.21158083342995598,-0.19959876234902815,0.9750619828139417,1.2084719541269908
352,06,17,-0.08057758358861247,-0.06119453429270036,-0.04890780252622726,-0.21574294456048818,-1.3004581671512974,0.9224665533149625,0.5148229506247818
353,12,17,1.665130833125649,-0.05147794568887847,-0.048319628276029876,-0.05617760807835497,-0.9458674397740969,0.8947762247340559,0.8393595366674488
354,17,17,-0.5144399583759914,-0.042009828638555,-0.04798675400345731,0.1585467237040507,0.1295553070063993,-0.3783939730199915,-0.7434295139951987
355,36,17,1.6607718108519112,-0.060826548925051176,-0.048874809879483797,-0.21246621849295422,-0.8591355464150616,1.0786431717570506,0.8853046736159659
356,42,17,-1.4098611551454834,-0.05593527149937226,-0.048556903302359164,-0.17286427931346698,0.36102482350288473,-1.5373260766805228,-1.5130866414337936
357,48,17,-0.5104420419356016,-0.04646207037816444,-0.04801569486252469,-0.027364297638998926,-0.6657866039763455,0.6201046132389458,1.3948353955208432
358,06,18,-0.2043422011965846,-0.06010670224087445,-0.04884811052299726,-0.20636046458272347,-0.8115781603657983,1.3943548845812754,1.1014681919984761
359,12,18,1.7005160849861045,-0.05865000372760876,-0.04879599883524725,-0.12951514016025883,-1.7722224930100168,0.5476558764350175,0.8639738887187912
360,17,18,-0.2425707987229074,-0.0404572300285275,-0.047560100027720126,-0.055280833598173776,0.24454774411320834,-0.29496169695051416,-0.26632772615646777
361,36,18,0.37534951392651694,-0.05863074150052002,-0.04855889335093005,-0.1975914338432665,-0.5790477357754363,0.6033898707505583,0.621865798625818
362,42,18,-0.6856891128743011,-0.05700773006852889,-0.04858261292818653,-0.1946560608258753,1.701530675283551,0.5684281018007619,-0.564072747693452
363,48,18,-1.3910797572694535,-0.06102540521640826,-0.048908739642451314,-0.21352041495488977,-0.09101074904597392,-0.36442183773079256,-0.04551108713273504
364,06,19,-0.326291164535798,-0.05987892386973205,-0.04881257050192642,-0.20280937262918172,-0.8538399633731559,0.20639701112326503,0.4191658086421721
365,12,19,0.4569085617669705,-0.05910177937496169,-0.0488431996224142,-0.1618654409316595,-0.17973364152314725,-1.3585253427839057,-0.387362917875172
366,36,19,0.11384804396962289,-0.045557528631479195,-0.04766735170438523,-0.027162485681268396,-1.10869402637597,0.9750572908398618,0.716147258305798
367,48,19,0.209003090587494,-0.012626706382894412,-0.04314735401200168,0.09490003670892257,0.2998261563352174,-0.8007525014540547,-0.10112468026492276
368,06,20,1.191029284820658,-0.05306515363167639,-0.04795871144281247,-0.05829395932207337,-0.8750449056515549,0.3996837299368558,0.20414603867746953
369,12,20,-0.3962274777326883,-0.057535327702425906,-0.048815815178350236,-0.16669666338671016,-1.5028184268968288,1.6221082381615142,-0.2764787349501468
370,36,20,0.6482453321714435,-0.05905679743437788,-0.04873417594051717,-0.18936609410630945,-1.3823301367362362,0.6021055078176382,0.7745150607281351
371,48,20,-0.5607334936266463,-0.06117280291676343,-0.0489140263554385,-0.21612113874674185,-0.30571055069187003,0.3031012578479541,0.4752335463956768
372,06,21,-0.4869528155365684,-0.04852563586962642,-0.04784331443961013,-0.01524974842048112,-0.25268945470992754,-0.6249175303057964,-0.39953059991577966
373,12,21,0.42728117947694944,-0.06085786959141739,-0.048914168247733675,-0.20540766340441174,-0.10651282525381094,0.16503656958320762,-0.4070477911569274
374,36,21,1.485377570396243,-0.033267470755642535,-0.046726407833335586,0.07073691616958087,-1.3663995426566429,1.5798485178514885,0.14136159485542052
375,48,21,-0.5194973233180831,-0.0515887052378123,-0.04751168349088529,-0.16330219077771424,-0.05538062478309642,0.7273536883996206,0.918437230041088
376,06,22,-0.6439514759470675,-0.058649961213832286,-0.04876166548568305,-0.17936698212583244,0.6361455893647027,-0.5901611555020588,-2.0534799032058375
377,12,22,-0.1202399759454185,-0.0611066239388121,-0.04892784847030429,-0.21488128612206103,1.241602992687386,0.8796991692835062,-0.12718838006844155
378,36,22,-0.33497474017832934,-0.049250162766314234,-0.048371078613086094,-0.09162949710236235,0.4103572492009669,0.30970916482609895,0.013080065441446654
379,48,22,-0.8774192420978384,-0.05961577592693699,-0.04862507585258714,-0.21098218922902154,-0.18027092246424775,1.0211029119815602,-0.059489607832868316
380,06,23,-0.4604790838750908,-0.04258722776593664,-0.048081890764031986,0.05631232933311469,-0.03288263500411446,0.29481398433143474,0.21111264155914078
381,12,23,0.030507888213599284,-0.061052664304374185,-0.0489095064983397,-0.21796762639769415,1.560029970612797,-0.5881415184295665,0.1454360640044294
382,36,23,0.25333406713550116,-0.04527696518670316,-0.045879764773769906,-0.15843754687088762,1.0564412433824533,-1.1507908391795019,1.1892301157948089
383,48,23,-0.37051562073043537,0.04227947880339799,-0.03190414043216024,0.26352376507469205,0.3027713182914656,-0.7641384316058827,-0.1522953802491593
384,06,24,-0.553799181305233,-0.04182320720595186,-0.047685598999125035,0.03383158915366834,0.015421869599596096,-0.644122822466887,-0.12598304571489158
385,12,24,0.43521747003630457,-0.06136115653358132,-0.048924774180437086,-0.21720337181963606,-1.163634640889574,0.9285705434968554,0.3754445847457473
386,36,24,1.3496858120849575,-0.054714753186409865,-0.04843654349534475,-0.19155133440027095,-1.0536614177956296,0.4256048538930051,0.2928929747400111
387,48,24,-0.3368308020096917,-0.0610629036005768,-0.04888172391287814,-0.21642210054996233,-0.1449574621270082,0.3174403895351063,0.7498301704857466
388,06,25,-0.27319091350259767,-0.058195948993306205,-0.048573943416063754,-0.1952452689535269,1.0854720070235828,0.034680598433455674,0.6831027505565738
389,12,25,0.8242342024394259,-0.0547215891126673,-0.04814730559789567,-0.11678175959705105,-0.5043283962968333,0.421514500895724,-0.6838604083582538
390,36,25,2.193138170955459,-0.05956011885476699,-0.04877000071139323,-0.21067908062807514,-1.6090528678330025,1.8507914786440103,1.7680236481853773
391,48,25,-0.7468306619553013,-0.0447950279026729,-0.04850862210529067,0.26788583903012836,-0.0921300388033251,-0.788777614075505,-0.981593088828034
392,06,26,-0.5526398419714772,-0.057066221625883026,-0.048672940120838955,-0.188912218801556,-0.9136756640143409,-2.931920129235152,-0.7025844663469066
393,12,26,-0.30881692955747087,-0.04820828595736703,-0.04785147779536404,-0.05573135586267733,-0.19446517445790118,-1.1575507506599851,-2.54208346437392
394,36,26,1.0023104094185835,-0.06108611660903606,-0.04889066322132491,-0.21257318799976554,-0.45078176033470807,0.013698365271230056,-0.7995318739119357
395,48,26,1.7369988033665973,-0.06010735838668427,-0.048839219071825965,-0.203494739333704,-1.6129624320436475,0.5978421508129032,1.5441570039057966
396,06,27,-0.21278808697918206,-0.06029116019808569,-0.04883393872858967,-0.210145871369961,-0.8624096671859423,1.2608852119830212,1.2083589186301358
397,12,27,1.7453502561794176,-0.06104302022611684,-0.048909870233545656,-0.214638533668911,-1.0029826511879356,0.7251128423603129,0.8619795001923511
398,36,27,0.34422266847124683,-0.05092160436537246,-0.04795640704961056,-0.16974674006108642,-0.3290882875936504,0.5012341611049895,0.6266563796422262
399,48,27,-0.505961099838189,-0.03908402781284243,-0.04714835415826698,0.1527279975984355,-0.9451430379513174,0.9202185567328199,-0.7960774397677276
400,06,28,-0.6723874288490849,-0.061126754619868835,-0.048914114574921654,-0.21555344712564276,0.029966055434252733,0.8358086787861815,0.6882911827341733
401,48,28,-0.9232093260231753,-0.0373321403017243,-0.048019429800055344,0.8704881780713077,0.15069372940773954,-1.0955270513876705,-1.0861029317170119
402,06,29,-0.3250095167702276,-0.06136417447605503,-0.04892138889459548,-0.21848559285215155,-0.49857975520839826,0.6182201556064522,-0.09796158466692563
403,48,29,-1.3349723746743323,-0.06113576797287312,-0.048916322056530674,-0.21422832165285843,0.3857994230759435,-0.85270263562116,-0.21881644596642078
404,06,30,-0.5108837630997775,-0.061260460995641884,-0.048900361671610555,-0.21873014562501691,0.5534517415784699,0.14921407818718607,-0.5343271750566673
405,48,30,-0.6186695402100211,-0.06090127247659246,-0.0488689766835565,-0.21572791129760616,-0.4781949193969347,-0.5298551756007311,0.9302266922600102
406,06,31,-1.3597671422250879,-0.06103925949999145,-0.04883841876930812,-0.21950822586760982,1.4511422824505016,-0.38579854000842423,-0.8231529973305153
407,48,31,1.6501920602356397,-0.05802958992983873,-0.04874555925660431,-0.1590677320589516,-1.4155368308516378,1.0752994082727272,0.9944994338805244
408,06,32,-1.0485355901865778,-0.06128378143460937,-0.048903859087687816,-0.2195241714314422,-0.34262255363641086,0.7150222989461487,0.19169147231017067
409,48,32,-1.0306197951689708,-0.06111558040577715,-0.048899005062140226,-0.217583545074618,0.6292476024219362,0.3124808555389743,0.08310328459865617
410,06,33,-0.5254125554248722,-0.060433232985614614,-0.04886440576330335,-0.2100702765196831,-0.3921592705915056,-2.121688519192563,-0.38404599342544
411,48,33,-1.6877429681805802,-0.06087057812628292,-0.04885667428191157,-0.21911411411198323,2.086430293047167,-0.49708229972809187,-0.9726497063249818
412,06,34,0.09988349791137412,-0.06145714707709467,-0.048926338728952766,-0.22021562622575994,-0.4584422611075858,0.3301650844850994,-0.2038145913645002
413,48,34,-1.0289979954315107,-0.04059163169429866,-0.04869511585505498,0.858492199676256,1.340018447203206,0.731806983510379,0.3650300305207292
414,06,35,-0.29663920119955095,-0.061170914143851694,-0.04886817060129227,-0.2196365390518294,0.6951655578849619,-0.7865954115967839,0.10845909871014132
415,48,35,-1.607210207485051,-0.05941963028399887,-0.04867547510649236,-0.16359561731370337,2.7545467108941786,-2.525251781493438,-2.9706498598475273
416,06,36,0.6522653965884752,-0.052991246926692305,-0.046522208956949036,-0.18584332813804452,-0.8325192347848752,1.7195009021894394,1.7963037525299206
417,48,36,-0.3443737511710513,-0.04899053874588807,-0.048195969249991324,-0.00831236624267725,-0.20641689995564588,0.5663922993555537,0.6701231816731098
418,06,37,0.5316849323500648,-0.0614547579178199,-0.04892107508842945,-0.22062098280971573,-0.27681018130025614,0.7620029186338839,1.060311430712249
419,06,38,-0.5349912346473668,-0.06135314517650336,-0.04892441411555897,-0.21701985003648672,-1.0306203134251986,1.44729061097921,0.5817623914670741
420,06,39,-0.40013844479209465,-0.06117803840854736,-0.04890427056599274,-0.21729955373890367,-0.20945065960034684,0.9254331837126427,0.9209037355882453
421,06,40,-0.2848205279796966,-0.061425846496159835,-0.04892680195598696,-0.21965051603758373,0.05595114462273111,-0.7654149543485337,-0.8613837898669651
422,06,41,-0.5654217506294978,-0.060965043603981875,-0.048886829436214876,-0.2155385877121133,0.4026129265480448,-0.5869761832239047,0.8160024861190524
423,06,42,-1.1422168808597561,-0.0595102171741905,-0.04879382909346754,-0.20193231738940134,0.5014104384552681,-0.7146090414323807,-0.012452723457192826
424,06,43,0.4195466557174729,-0.06141178208827633,-0.0489246827587732,-0.2183129087728938,0.2548732857765897,0.07037233513325847,-0.38991955970457254
425,06,44,-0.13466892004673572,-0.06133425968392198,-0.04892437859968869,-0.21773550260985028,0.3533910981725161,-0.7427342958614905,-0.7130708058180709
426,06,45,0.6006082794203742,-0.06102462312567252,-0.04888942658551789,-0.21328688085124714,-1.1397075752634995,0.6697935255440897,0.5062706992762229
427,06,46,0.17024169146442092,-0.06141215721566541,-0.048922294309111415,-0.21932938543794,-0.4554264753868405,0.619475899401464,-0.7726786693064551
428,06,47,-0.7122560306378007,-0.05878236861050413,-0.04885387906427429,-0.18026265762139093,0.26924201485909877,-2.4466270925597513,-2.6397755919874175
429,06,48,0.08635484974667548,-0.06110662897855959,-0.0488797817484064,-0.21453793974558605,0.3186324079075745,-1.6100383904288873,-1.5123472055284086
430,06,49,-0.45553314845661325,-0.06005546960123156,-0.04881897673510252,-0.18534399432608833,-0.279026433244916,-1.086312693759403,-0.9075059018863847
431,06,50,-0.24809117986972262,-0.05689985710285358,-0.04872724512999992,-0.16456202627286196,-1.0136656934975368,1.0998044142685186,1.1440236050384183
432,06,51,-0.24263432757413783,-0.05232659671961678,-0.046768117026946214,-0.17950322965734544,-0.09098556613277999,0.513847819968221,-0.9915467343033184
433,06,52,-1.0729256671057399,-0.060775936135554084,-0.04891362539180876,-0.20651062912534762,0.9776863028566937,-1.2848685091897951,-0.8269209848272373
434,06,53,-0.7978821679340634,-0.061284947743651126,-0.04891260187653951,-0.21896031842113173,0.27485357735997346,0.1757991985222418,-0.6719819396398866
435,11,98,1.9785664353304173,-0.06143156777560579,-0.048926492414768916,-0.2205326071551395,-0.32518512586750015,0.7648219488108075,0.2797817963060064
436,60,98,-0.46999767732209097,-0.034593280772034926,-0.04677907017374019,0.3334399856021157,1.1467129343635611,-3.145708478075728,-2.30593939796728
437,66,98,2.9855180029071895,-0.06078810089415989,-0.04887769191880387,-0.20524077641266797,-0.18135551903625052,-0.7275351802172477,-0.9450043118768883
438,69,98,-1.419244349124975,-0.03242416977221084,-0.04869522621331744,2.463810907946979,0.697709214842159,-2.8575050287748724,-3.002475464200066
439,72,98,0.14402696082160582,-0.05334075740631787,-0.04733318391719424,-0.17696699229094742,1.2181423672495149,1.422013489740012,0.879714866163385
440,78,98,0.3953076369719677,-0.059478578862921024,-0.04886606410411674,-0.15926342902911597,-0.09022143912075312,-0.5497278481226866,-0.17151249708779498
441,09,ZZ,-1.0562428751800745,-0.06071790918274688,-0.048749093656034616,-0.21940393111952994,1.7046584871555484,-1.9802949521807998,-1.0382139582143597
442,17,ZZ,2.9295632077839184,-0.05911267223955813,-0.048892282311675396,-0.19009932368756507,-1.2242721722026781,0.9876697888431336,1.755382014028578
443,26,ZZ,-0.5210797694240469,-0.027941310277732848,-0.04478987514466395,0.01776910472630545,0.31297439366137664,0.8011761395198878,-2.8301719452955894
